id,parent_id,level,name,order_level,commision_rate,banner,icon,featured,top,digital,slug,meta_title,meta_description,created_at,updated_at
0,,4.0,رجال,,,https://encrypted-tbn0.gstatic.com/images?q=tbn:ANd9GcQF4soEgqNcKm-b2sEt0j4GWZ9nzN8UudTIp7HQhefBm2R19rjPRkXPyQ6J-w&s,https://encrypted-tbn0.gstatic.com/images?q=tbn:ANd9GcQF4soEgqNcKm-b2sEt0j4GWZ9nzN8UudTIp7HQhefBm2R19rjPRkXPyQ6J-w&s,,,,,,,,
1,,5.0,للجنسين,,,https://encrypted-tbn0.gstatic.com/images?q=tbn:ANd9GcRlZVMyjhL3ky0krhQw3likwP1zB7t15dLfViHpmcpE4YZZF16zMDxXUuvGXw&s,https://encrypted-tbn0.gstatic.com/images?q=tbn:ANd9GcRlZVMyjhL3ky0krhQw3likwP1zB7t15dLfViHpmcpE4YZZF16zMDxXUuvGXw&s,,,,,,,,
2,,4.0,امرأة,,,https://encrypted-tbn0.gstatic.com/images?q=tbn:ANd9GcQEN8YFugBt1hw7dpPFG7eDnMhh7g31ieob_G7_-ESQC6ZC5Oubc7p5o0DEaw&s,https://encrypted-tbn0.gstatic.com/images?q=tbn:ANd9GcQEN8YFugBt1hw7dpPFG7eDnMhh7g31ieob_G7_-ESQC6ZC5Oubc7p5o0DEaw&s,,,,,,,,
3,,3.0,الفتيات,,,https://encrypted-tbn0.gstatic.com/images?q=tbn:ANd9GcRw4CctAzI2PEkF5wCKVpxXwcyGX7m9BeulcjbPcKP814QoKGi_HgVW7qLTQg&s,https://encrypted-tbn0.gstatic.com/images?q=tbn:ANd9GcRw4CctAzI2PEkF5wCKVpxXwcyGX7m9BeulcjbPcKP814QoKGi_HgVW7qLTQg&s,,,,,,,,
4,,3.0,أولاد,,,https://encrypted-tbn0.gstatic.com/images?q=tbn:ANd9GcTzekBozcAlQcobweEDKDYTUFSUY13gnQ1FcQvVMATh4O4GlZyelL6eZ_0sZw&s,https://encrypted-tbn0.gstatic.com/images?q=tbn:ANd9GcTzekBozcAlQcobweEDKDYTUFSUY13gnQ1FcQvVMATh4O4GlZyelL6eZ_0sZw&s,,,,,,,,
5,0.0,4.0,ملابس الرجال,,,https://encrypted-tbn0.gstatic.com/images?q=tbn:ANd9GcSVs9H8HUBohKlT8YWOCbiQzOqtTMu8X5Zx1eGaKT7wL0geeJWBkI4g2sYaJ8g&s,https://encrypted-tbn0.gstatic.com/images?q=tbn:ANd9GcSVs9H8HUBohKlT8YWOCbiQzOqtTMu8X5Zx1eGaKT7wL0geeJWBkI4g2sYaJ8g&s,,,,,,,,
6,0.0,3.0,أحذية رجالية,,,https://encrypted-tbn0.gstatic.com/images?q=tbn:ANd9GcR-qqNyN-9vX4VRU4H-iYLPdwapdo6tkbCCjhM9yXO-gBFWW8wmxFswVt1rRg&s,https://encrypted-tbn0.gstatic.com/images?q=tbn:ANd9GcR-qqNyN-9vX4VRU4H-iYLPdwapdo6tkbCCjhM9yXO-gBFWW8wmxFswVt1rRg&s,,,,,,,,
7,0.0,17.0,اكسسوارات رجالية,,,https://encrypted-tbn0.gstatic.com/images?q=tbn:ANd9GcThy0naD_FWVJXB_TeuRH0LeX6OLlOwrEO2YwnnMiqwtDGBPur70but9Q8Hhw&s,https://encrypted-tbn0.gstatic.com/images?q=tbn:ANd9GcThy0naD_FWVJXB_TeuRH0LeX6OLlOwrEO2YwnnMiqwtDGBPur70but9Q8Hhw&s,,,,,,,,
8,0.0,4.0,العناية الشخصية للرجال,,,https://encrypted-tbn0.gstatic.com/images?q=tbn:ANd9GcSxqzqYaXHJT_twTXr8m4RB6ZdP6XiKJwq2QyhNdqI0eV1SpS5yKn3HzNu8QhA&s,https://encrypted-tbn0.gstatic.com/images?q=tbn:ANd9GcSxqzqYaXHJT_twTXr8m4RB6ZdP6XiKJwq2QyhNdqI0eV1SpS5yKn3HzNu8QhA&s,,,,,,,,
9,1.0,14.0,اكسسوارات للجنسين,,,https://encrypted-tbn0.gstatic.com/images?q=tbn:ANd9GcSf2i1hRcw6vSxAaaJ_a31WMUHAjlna6MYzWYK_SiJ5NVjldddL_NY0zjQJig&s,https://encrypted-tbn0.gstatic.com/images?q=tbn:ANd9GcSf2i1hRcw6vSxAaaJ_a31WMUHAjlna6MYzWYK_SiJ5NVjldddL_NY0zjQJig&s,,,,,,,,
10,1.0,2.0,السلع الرياضية للجنسين,,,https://encrypted-tbn0.gstatic.com/images?q=tbn:ANd9GcS7tqeBXExKuvyS9C7nrJPQ2AW2Hb4Z0PHDxGebexRymb98sAlUmEgzdJGwRQ&s,https://encrypted-tbn0.gstatic.com/images?q=tbn:ANd9GcS7tqeBXExKuvyS9C7nrJPQ2AW2Hb4Z0PHDxGebexRymb98sAlUmEgzdJGwRQ&s,,,,,,,,
11,1.0,3.0,ملابس للجنسين,,,https://encrypted-tbn0.gstatic.com/images?q=tbn:ANd9GcThmZhySKTLEkVyZABOV_yf2gf_QcFVAXD2rnaLxKS-fDe6fHAx6r2-XV0NlRk&s,https://encrypted-tbn0.gstatic.com/images?q=tbn:ANd9GcThmZhySKTLEkVyZABOV_yf2gf_QcFVAXD2rnaLxKS-fDe6fHAx6r2-XV0NlRk&s,,,,,,,,
12,1.0,3.0,أحذية للجنسين,,,https://encrypted-tbn0.gstatic.com/images?q=tbn:ANd9GcQn1X2mZSHFFAWRMWC0KHHDDe-n95a8ZSp8DMnI3knX7ShSVtq-je3XF4q2JQ&s,https://encrypted-tbn0.gstatic.com/images?q=tbn:ANd9GcQn1X2mZSHFFAWRMWC0KHHDDe-n95a8ZSp8DMnI3knX7ShSVtq-je3XF4q2JQ&s,,,,,,,,
13,1.0,3.0,العناية الشخصية للجنسين,,,https://encrypted-tbn0.gstatic.com/images?q=tbn:ANd9GcTkutJTHnpjvgOKOqMKnN-o_8Cp7kZaOLJ9dLsk-Y_GSJ1MZjfYh26nTw5Zwg&s,https://encrypted-tbn0.gstatic.com/images?q=tbn:ANd9GcTkutJTHnpjvgOKOqMKnN-o_8Cp7kZaOLJ9dLsk-Y_GSJ1MZjfYh26nTw5Zwg&s,,,,,,,,
14,2.0,7.0,ملابس نسائية,,,https://encrypted-tbn0.gstatic.com/images?q=tbn:ANd9GcRkK6PnmOy0K_v9JI87Ef2oLy5v-J_0vzYGocWAaVyY69ie2DuTxafs8Dmf610&s,https://encrypted-tbn0.gstatic.com/images?q=tbn:ANd9GcRkK6PnmOy0K_v9JI87Ef2oLy5v-J_0vzYGocWAaVyY69ie2DuTxafs8Dmf610&s,,,,,,,,
15,2.0,14.0,اكسسوارات نسائية,,,https://encrypted-tbn0.gstatic.com/images?q=tbn:ANd9GcTzr_UjuIcTbhYNGAugbXiegdk2qiaqaGBdTJcRIlEarGz-HUHQwvy8bKypn8k&s,https://encrypted-tbn0.gstatic.com/images?q=tbn:ANd9GcTzr_UjuIcTbhYNGAugbXiegdk2qiaqaGBdTJcRIlEarGz-HUHQwvy8bKypn8k&s,,,,,,,,
16,2.0,3.0,أحذية نسائية,,,https://encrypted-tbn0.gstatic.com/images?q=tbn:ANd9GcRTRUSTVVz3r7X5EqhsoCihUvntYZDnCqWh3Hrgk8NYAUnQ2G1e6PRNzJNr_JY&s,https://encrypted-tbn0.gstatic.com/images?q=tbn:ANd9GcRTRUSTVVz3r7X5EqhsoCihUvntYZDnCqWh3Hrgk8NYAUnQ2G1e6PRNzJNr_JY&s,,,,,,,,
17,2.0,11.0,العناية الشخصية للنساء,,,https://encrypted-tbn0.gstatic.com/images?q=tbn:ANd9GcQPl-rSqZVJ3KVc3psLXase8a_H0KVrIUDZtbVazTxWYUL_srEHGJsxiWcgrJo&s,https://encrypted-tbn0.gstatic.com/images?q=tbn:ANd9GcQPl-rSqZVJ3KVc3psLXase8a_H0KVrIUDZtbVazTxWYUL_srEHGJsxiWcgrJo&s,,,,,,,,
18,3.0,6.0,اكسسوارات بنات,,,https://encrypted-tbn0.gstatic.com/images?q=tbn:ANd9GcRdPJIp09GM-sNM0eoOS-WLsaxrmBvbINvsoCNtyk4YJ8-eaBIlFFpARv8-4Q&s,https://encrypted-tbn0.gstatic.com/images?q=tbn:ANd9GcRdPJIp09GM-sNM0eoOS-WLsaxrmBvbINvsoCNtyk4YJ8-eaBIlFFpARv8-4Q&s,,,,,,,,
19,3.0,6.0,ملابس بنات,,,https://encrypted-tbn0.gstatic.com/images?q=tbn:ANd9GcSNrP0vMba8HFdCtCUYLK6wriCIz1eIF2RJ_hOKODJq1wsP_qBjNICy1x0K0w&s,https://encrypted-tbn0.gstatic.com/images?q=tbn:ANd9GcSNrP0vMba8HFdCtCUYLK6wriCIz1eIF2RJ_hOKODJq1wsP_qBjNICy1x0K0w&s,,,,,,,,
20,3.0,3.0,أحذية بنات,,,https://encrypted-tbn0.gstatic.com/images?q=tbn:ANd9GcTcQOtw8EF9oEG5l4r6cP2_7TEV_qq8aEVRAzhIwv0d0IgPKTl6NsfocDhVlQ&s,https://encrypted-tbn0.gstatic.com/images?q=tbn:ANd9GcTcQOtw8EF9oEG5l4r6cP2_7TEV_qq8aEVRAzhIwv0d0IgPKTl6NsfocDhVlQ&s,,,,,,,,
21,4.0,5.0,ملابس الأولاد,,,https://encrypted-tbn0.gstatic.com/images?q=tbn:ANd9GcQuQ7JVQQMsG3mReJ2WqjtmoOuRDWkTPd8tPos7v3AMti4VliAV5iBd9uYhUbg&s,https://encrypted-tbn0.gstatic.com/images?q=tbn:ANd9GcQuQ7JVQQMsG3mReJ2WqjtmoOuRDWkTPd8tPos7v3AMti4VliAV5iBd9uYhUbg&s,,,,,,,,
22,4.0,3.0,أحذية الأولاد,,,https://encrypted-tbn0.gstatic.com/images?q=tbn:ANd9GcRvR8iJCJR845XxzFPWSbe4_epiDhJJWGXWwu-lQNnAOwcTo_z7g4kNdp8ThOw&s,https://encrypted-tbn0.gstatic.com/images?q=tbn:ANd9GcRvR8iJCJR845XxzFPWSbe4_epiDhJJWGXWwu-lQNnAOwcTo_z7g4kNdp8ThOw&s,,,,,,,,
23,4.0,5.0,اكسسوارات اولاد,,,https://encrypted-tbn0.gstatic.com/images?q=tbn:ANd9GcTwXjo_iGyq1DVyNZFVVg81OsuQgckMQd7_sj-WO6ySYVd61WiZjCwgXKtRIUY&s,https://encrypted-tbn0.gstatic.com/images?q=tbn:ANd9GcTwXjo_iGyq1DVyNZFVVg81OsuQgckMQd7_sj-WO6ySYVd61WiZjCwgXKtRIUY&s,,,,,,,,
24,5.0,0.0,ملابس رجالية ملابس,,,https://encrypted-tbn0.gstatic.com/images?q=tbn:ANd9GcRUVJMLNXIJ8s5N7RucbxblQfrZQOSxeOyVyDT5T-jK-NYkMGrtAWMx_U4P6TU&s,https://encrypted-tbn0.gstatic.com/images?q=tbn:ANd9GcRUVJMLNXIJ8s5N7RucbxblQfrZQOSxeOyVyDT5T-jK-NYkMGrtAWMx_U4P6TU&s,,,,,,,,
25,5.0,0.0,ملابس رجالية ملابس سفلية,,,https://encrypted-tbn0.gstatic.com/images?q=tbn:ANd9GcSxcbMzuneMazA8RRcfMuQF5rSCd-pE5TKX6Q8pGHaQVGRD1eFYcodoHWt5QQ&s,https://encrypted-tbn0.gstatic.com/images?q=tbn:ANd9GcSxcbMzuneMazA8RRcfMuQF5rSCd-pE5TKX6Q8pGHaQVGRD1eFYcodoHWt5QQ&s,,,,,,,,
26,5.0,0.0,ملابس رجالية ملابس داخلية,,,https://encrypted-tbn0.gstatic.com/images?q=tbn:ANd9GcSdsmK_Kit5NaHYgjjC3FL09z6wRzhvv0gETyYJyVGjbq7iAhzgHuxcBuqHj3g&s,https://encrypted-tbn0.gstatic.com/images?q=tbn:ANd9GcSdsmK_Kit5NaHYgjjC3FL09z6wRzhvv0gETyYJyVGjbq7iAhzgHuxcBuqHj3g&s,,,,,,,,
27,5.0,0.0,ملابس الرجال ملابس النوم وملابس النوم,,,https://encrypted-tbn0.gstatic.com/images?q=tbn:ANd9GcTMF7dEpTHzhq1YaeH9S6W0305WbtXxW6R8mglkWFBD5_mLbXvv40b8l_Jv7g&s,https://encrypted-tbn0.gstatic.com/images?q=tbn:ANd9GcTMF7dEpTHzhq1YaeH9S6W0305WbtXxW6R8mglkWFBD5_mLbXvv40b8l_Jv7g&s,,,,,,,,
28,6.0,0.0,أحذية رجالية,,,https://encrypted-tbn0.gstatic.com/images?q=tbn:ANd9GcR-VCI4YFhWUEHXDaA79WR6AZDg7cTMY5rHCIU_NsINHO5blhaj3BjhM6ZQwv8&s,https://encrypted-tbn0.gstatic.com/images?q=tbn:ANd9GcR-VCI4YFhWUEHXDaA79WR6AZDg7cTMY5rHCIU_NsINHO5blhaj3BjhM6ZQwv8&s,,,,,,,,
29,6.0,0.0,صندل احذيه رجالى,,,https://encrypted-tbn0.gstatic.com/images?q=tbn:ANd9GcRsTTy7eJO5hs6UufJGAsCo9xoZV2bd3eY32I69zvVSvStu1C6e6i1WqPnf0g&s,https://encrypted-tbn0.gstatic.com/images?q=tbn:ANd9GcRsTTy7eJO5hs6UufJGAsCo9xoZV2bd3eY32I69zvVSvStu1C6e6i1WqPnf0g&s,,,,,,,,
30,6.0,0.0,شبشب أحذية رجالية,,,https://encrypted-tbn0.gstatic.com/images?q=tbn:ANd9GcQK6xKf137pRDtMp_9lFNibBhQVLYfJkn95HogEunrMiSNLvEHqazva8ViffgM&s,https://encrypted-tbn0.gstatic.com/images?q=tbn:ANd9GcQK6xKf137pRDtMp_9lFNibBhQVLYfJkn95HogEunrMiSNLvEHqazva8ViffgM&s,,,,,,,,
31,7.0,0.0,اكسسوارات الرجال أغطية الرأس,,,https://encrypted-tbn0.gstatic.com/images?q=tbn:ANd9GcSGvZlNeY4YQqnuXcYSYwBsqxIAQayGElCVaeZOh7ovs1gJSIs-b0zs0ty0ARI&s,https://encrypted-tbn0.gstatic.com/images?q=tbn:ANd9GcSGvZlNeY4YQqnuXcYSYwBsqxIAQayGElCVaeZOh7ovs1gJSIs-b0zs0ty0ARI&s,,,,,,,,
32,7.0,0.0,زجاجة ماء اكسسوارات رجالية,,,https://encrypted-tbn0.gstatic.com/images?q=tbn:ANd9GcTzSS0aHu0VNpR0whh2jtS8O0m8Finpc5ouVhWMvMoR8fJgdIBCpfv1cQwDZfE&s,https://encrypted-tbn0.gstatic.com/images?q=tbn:ANd9GcTzSS0aHu0VNpR0whh2jtS8O0m8Finpc5ouVhWMvMoR8fJgdIBCpfv1cQwDZfE&s,,,,,,,,
33,7.0,0.0,حقائب اكسسوارات رجالية,,,https://encrypted-tbn0.gstatic.com/images?q=tbn:ANd9GcRJkzRWxGvY21UasVKGQwzAvdkmFgXAZCNSQ7wUrZoBpo3L4mhBu6F0lAie8LA&s,https://encrypted-tbn0.gstatic.com/images?q=tbn:ANd9GcRJkzRWxGvY21UasVKGQwzAvdkmFgXAZCNSQ7wUrZoBpo3L4mhBu6F0lAie8LA&s,,,,,,,,
34,7.0,0.0,جوارب اكسسوارات رجالية,,,https://encrypted-tbn0.gstatic.com/images?q=tbn:ANd9GcRZH19r_UZKk3mJ7UiZKBfokGVG-NIBPX--BMsjTxCi2oIrru9fm4Kv3ayQB3s&s,https://encrypted-tbn0.gstatic.com/images?q=tbn:ANd9GcRZH19r_UZKk3mJ7UiZKBfokGVG-NIBPX--BMsjTxCi2oIrru9fm4Kv3ayQB3s&s,,,,,,,,
35,7.0,0.0,اكسسوارات رجالية,,,https://encrypted-tbn0.gstatic.com/images?q=tbn:ANd9GcSMm8jgHlPKWEoC_6CgkVzDlqMUKkwQPixoaLx0h9SRCllKgjJi7dgyjrUJ1w&s,https://encrypted-tbn0.gstatic.com/images?q=tbn:ANd9GcSMm8jgHlPKWEoC_6CgkVzDlqMUKkwQPixoaLx0h9SRCllKgjJi7dgyjrUJ1w&s,,,,,,,,
36,7.0,0.0,أحزمة اكسسوارات رجالية,,,https://encrypted-tbn0.gstatic.com/images?q=tbn:ANd9GcRVocTgk50tNMqXIyniv1mKivLTm6pje1__bon2m7NJ1j-2wf5fUt7-1IHAQw&s,https://encrypted-tbn0.gstatic.com/images?q=tbn:ANd9GcRVocTgk50tNMqXIyniv1mKivLTm6pje1__bon2m7NJ1j-2wf5fUt7-1IHAQw&s,,,,,,,,
37,7.0,0.0,ساعات اكسسوارات رجالية,,,https://encrypted-tbn0.gstatic.com/images?q=tbn:ANd9GcSvDGJ1cyhXhfq2kuf8bq-000Di7GBIe5YgFydkOkWm4t0njcl-dcdqRbu6wFs&s,https://encrypted-tbn0.gstatic.com/images?q=tbn:ANd9GcSvDGJ1cyhXhfq2kuf8bq-000Di7GBIe5YgFydkOkWm4t0njcl-dcdqRbu6wFs&s,,,,,,,,
38,7.0,0.0,محافظ اكسسوارات رجالية,,,https://encrypted-tbn0.gstatic.com/images?q=tbn:ANd9GcS_Tnkm3FxgVpaE93uUxtnSE3llNhd9P71PKC-vBFVDYhXvq_tq_1xELpGhQUA&s,https://encrypted-tbn0.gstatic.com/images?q=tbn:ANd9GcS_Tnkm3FxgVpaE93uUxtnSE3llNhd9P71PKC-vBFVDYhXvq_tq_1xELpGhQUA&s,,,,,,,,
39,7.0,0.0,اكسسوارات الرجال النظارات,,,https://encrypted-tbn0.gstatic.com/images?q=tbn:ANd9GcRaCtAXdIlhaitJQJJB71PsvaklsvvS5D5YD4YZKChmftNR38LjyKYDVGaOpfY&s,https://encrypted-tbn0.gstatic.com/images?q=tbn:ANd9GcRaCtAXdIlhaitJQJJB71PsvaklsvvS5D5YD4YZKChmftNR38LjyKYDVGaOpfY&s,,,,,,,,
40,7.0,0.0,ربطات عنق اكسسوارات رجالية,,,https://encrypted-tbn0.gstatic.com/images?q=tbn:ANd9GcRfXNZMWZK7A-QmpPIVOKc7XsPK3KZz1Q_W9JmIoRq8XUb14j1zAkP6b-s4iZg&s,https://encrypted-tbn0.gstatic.com/images?q=tbn:ANd9GcRfXNZMWZK7A-QmpPIVOKc7XsPK3KZz1Q_W9JmIoRq8XUb14j1zAkP6b-s4iZg&s,,,,,,,,
41,7.0,0.0,اكسسوارات الرجال الشالات,,,https://encrypted-tbn0.gstatic.com/images?q=tbn:ANd9GcSOyDKr5928EWP-caubS4iKD3tzrdtu5xnJvPVYxEgwz2v4Iy7YvqwWzPXvsuw&s,https://encrypted-tbn0.gstatic.com/images?q=tbn:ANd9GcSOyDKr5928EWP-caubS4iKD3tzrdtu5xnJvPVYxEgwz2v4Iy7YvqwWzPXvsuw&s,,,,,,,,
42,7.0,0.0,اكسسوارات الرجال الاوشحة,,,https://encrypted-tbn0.gstatic.com/images?q=tbn:ANd9GcTHB58gE945s-7T5gk09iThqsi-7UVJWxj0vVvdOgg557Cd7fzqP1XPSb34YQ&s,https://encrypted-tbn0.gstatic.com/images?q=tbn:ANd9GcTHB58gE945s-7T5gk09iThqsi-7UVJWxj0vVvdOgg557Cd7fzqP1XPSb34YQ&s,,,,,,,,
43,7.0,0.0,كاتم صوت اكسسوارات رجال,,,https://encrypted-tbn0.gstatic.com/images?q=tbn:ANd9GcQEe8UjjM7ibYvEKQjYS_ITfXgWezvaRNwsu39iQTbLR9f3Iam3x-rWZzJ7ag&s,https://encrypted-tbn0.gstatic.com/images?q=tbn:ANd9GcQEe8UjjM7ibYvEKQjYS_ITfXgWezvaRNwsu39iQTbLR9f3Iam3x-rWZzJ7ag&s,,,,,,,,
44,7.0,0.0,ازرار اكمام اكسسوارات رجالية,,,https://encrypted-tbn0.gstatic.com/images?q=tbn:ANd9GcTlvv53jXDPqNdll7NzL6wwj6zGaBO156hv14j1f13KKAFdCX3QmXaUbauk7g&s,https://encrypted-tbn0.gstatic.com/images?q=tbn:ANd9GcTlvv53jXDPqNdll7NzL6wwj6zGaBO156hv14j1f13KKAFdCX3QmXaUbauk7g&s,,,,,,,,
45,7.0,0.0,قفازات اكسسوارات رجالية,,,https://encrypted-tbn0.gstatic.com/images?q=tbn:ANd9GcSFeeWntBg6_xPLVJXsEy_xLZgRnPCIS2OPjT2IlK-3DbmTQPO7RtgevFDH4A&s,https://encrypted-tbn0.gstatic.com/images?q=tbn:ANd9GcSFeeWntBg6_xPLVJXsEy_xLZgRnPCIS2OPjT2IlK-3DbmTQPO7RtgevFDH4A&s,,,,,,,,
46,7.0,0.0,عطور اكسسوارات رجالية,,,https://encrypted-tbn0.gstatic.com/images?q=tbn:ANd9GcTY5rNAdObiZkf11lirlaFCYVVegoe17tSzTWd7bXDs8vrhroyZ8kDGT3lzkA&s,https://encrypted-tbn0.gstatic.com/images?q=tbn:ANd9GcTY5rNAdObiZkf11lirlaFCYVVegoe17tSzTWd7bXDs8vrhroyZ8kDGT3lzkA&s,,,,,,,,
47,7.0,0.0,مجوهرات اكسسوارات رجالية,,,https://encrypted-tbn0.gstatic.com/images?q=tbn:ANd9GcTlvv53jXDPqNdll7NzL6wwj6zGaBO156hv14j1f13KKAFdCX3QmXaUbauk7g&s,https://encrypted-tbn0.gstatic.com/images?q=tbn:ANd9GcTlvv53jXDPqNdll7NzL6wwj6zGaBO156hv14j1f13KKAFdCX3QmXaUbauk7g&s,,,,,,,,
48,8.0,0.0,عطر العناية الشخصية للرجال,,,https://encrypted-tbn0.gstatic.com/images?q=tbn:ANd9GcSezTK46JHg7ORMu-tmSKo0BqheyTN9Q_nUlPmYYnZ7Qf9Ipatusnf5SSSypA&s,https://encrypted-tbn0.gstatic.com/images?q=tbn:ANd9GcSezTK46JHg7ORMu-tmSKo0BqheyTN9Q_nUlPmYYnZ7Qf9Ipatusnf5SSSypA&s,,,,,,,,
49,8.0,0.0,الاستحمام والجسم للعناية الشخصية للرجال,,,https://encrypted-tbn0.gstatic.com/images?q=tbn:ANd9GcSxqzqYaXHJT_twTXr8m4RB6ZdP6XiKJwq2QyhNdqI0eV1SpS5yKn3HzNu8QhA&s,https://encrypted-tbn0.gstatic.com/images?q=tbn:ANd9GcSxqzqYaXHJT_twTXr8m4RB6ZdP6XiKJwq2QyhNdqI0eV1SpS5yKn3HzNu8QhA&s,,,,,,,,
50,8.0,0.0,عطور للعناية الشخصية للرجال,,,https://encrypted-tbn0.gstatic.com/images?q=tbn:ANd9GcSezTK46JHg7ORMu-tmSKo0BqheyTN9Q_nUlPmYYnZ7Qf9Ipatusnf5SSSypA&s,https://encrypted-tbn0.gstatic.com/images?q=tbn:ANd9GcSezTK46JHg7ORMu-tmSKo0BqheyTN9Q_nUlPmYYnZ7Qf9Ipatusnf5SSSypA&s,,,,,,,,
51,8.0,0.0,العناية الشخصية للرجال العناية بالبشرة,,,https://encrypted-tbn0.gstatic.com/images?q=tbn:ANd9GcSxqzqYaXHJT_twTXr8m4RB6ZdP6XiKJwq2QyhNdqI0eV1SpS5yKn3HzNu8QhA&s,https://encrypted-tbn0.gstatic.com/images?q=tbn:ANd9GcSxqzqYaXHJT_twTXr8m4RB6ZdP6XiKJwq2QyhNdqI0eV1SpS5yKn3HzNu8QhA&s,,,,,,,,
52,9.0,0.0,حقائب اكسسوارات للجنسين,,,https://encrypted-tbn0.gstatic.com/images?q=tbn:ANd9GcS7TLKPcXUUofjkltXGXHKxbHCNCXqJDhKMVYWkLmSsFjhmfYJGM98VsoSpcA&s,https://encrypted-tbn0.gstatic.com/images?q=tbn:ANd9GcS7TLKPcXUUofjkltXGXHKxbHCNCXqJDhKMVYWkLmSsFjhmfYJGM98VsoSpcA&s,,,,,,,,
53,9.0,0.0,إكسسوارات أغطية الرأس للجنسين,,,https://encrypted-tbn0.gstatic.com/images?q=tbn:ANd9GcTAPXR05iRXUWJaxlhsqLDp-NmHG_BnXJqbGv3KK50r32yMk2nGTvH0b91vAw&s,https://encrypted-tbn0.gstatic.com/images?q=tbn:ANd9GcTAPXR05iRXUWJaxlhsqLDp-NmHG_BnXJqbGv3KK50r32yMk2nGTvH0b91vAw&s,,,,,,,,
54,9.0,0.0,زجاجة ماء اكسسوارات للجنسين,,,https://encrypted-tbn0.gstatic.com/images?q=tbn:ANd9GcR0unm7-VR8RRUTaoL5FKOxJv_ysKISdr0DHHCaI41R7Iu0FpjJrH0xtOkt58A&s,https://encrypted-tbn0.gstatic.com/images?q=tbn:ANd9GcR0unm7-VR8RRUTaoL5FKOxJv_ysKISdr0DHHCaI41R7Iu0FpjJrH0xtOkt58A&s,,,,,,,,
55,9.0,0.0,اكسسوارات اكسسوارات للجنسين,,,https://encrypted-tbn0.gstatic.com/images?q=tbn:ANd9GcSf2i1hRcw6vSxAaaJ_a31WMUHAjlna6MYzWYK_SiJ5NVjldddL_NY0zjQJig&s,https://encrypted-tbn0.gstatic.com/images?q=tbn:ANd9GcSf2i1hRcw6vSxAaaJ_a31WMUHAjlna6MYzWYK_SiJ5NVjldddL_NY0zjQJig&s,,,,,,,,
56,9.0,0.0,ساعات اكسسوارات للجنسين,,,https://encrypted-tbn0.gstatic.com/images?q=tbn:ANd9GcTTUsxQn2qldtRFwfwTJbBeUh1pHuuvT3ehjqdbWlCgQrezQmPywUdxkzbAKMU&s,https://encrypted-tbn0.gstatic.com/images?q=tbn:ANd9GcTTUsxQn2qldtRFwfwTJbBeUh1pHuuvT3ehjqdbWlCgQrezQmPywUdxkzbAKMU&s,,,,,,,,
57,9.0,0.0,جوارب اكسسوارات للجنسين,,,https://encrypted-tbn0.gstatic.com/images?q=tbn:ANd9GcSihHDy9C8uJH6cQfUPHVwcOIKZEjbT524nM17qg6b88Y_tSA_DZQiuVwFN_Q&s,https://encrypted-tbn0.gstatic.com/images?q=tbn:ANd9GcSihHDy9C8uJH6cQfUPHVwcOIKZEjbT524nM17qg6b88Y_tSA_DZQiuVwFN_Q&s,,,,,,,,
58,9.0,0.0,اكسسوارات الاحذية للجنسين,,,https://encrypted-tbn0.gstatic.com/images?q=tbn:ANd9GcSC11uD97u4ceTKaDSCo8D4ZU60ldyCFaI-9p-OqYl0GUbRwNWS88u2xx2yhps&s,https://encrypted-tbn0.gstatic.com/images?q=tbn:ANd9GcSC11uD97u4ceTKaDSCo8D4ZU60ldyCFaI-9p-OqYl0GUbRwNWS88u2xx2yhps&s,,,,,,,,
59,9.0,0.0,نظارات اكسسوارات للجنسين,,,https://encrypted-tbn0.gstatic.com/images?q=tbn:ANd9GcRS0dL8thetDCnzfG6IQbRxC1lRlM2GgXsRAJJzBR3IE9Y73TnyGU55dVGTIw&s,https://encrypted-tbn0.gstatic.com/images?q=tbn:ANd9GcRS0dL8thetDCnzfG6IQbRxC1lRlM2GgXsRAJJzBR3IE9Y73TnyGU55dVGTIw&s,,,,,,,,
60,9.0,0.0,اكسسوارات للجنسين اكسسوارات رياضية,,,https://encrypted-tbn0.gstatic.com/images?q=tbn:ANd9GcS6Pym_HL4Q_Xx9pTp6su0IRgjneAVA0RyZaRf4yi7TjCt-77lgxmZl2OUDlIw&s,https://encrypted-tbn0.gstatic.com/images?q=tbn:ANd9GcS6Pym_HL4Q_Xx9pTp6su0IRgjneAVA0RyZaRf4yi7TjCt-77lgxmZl2OUDlIw&s,,,,,,,,
61,9.0,0.0,أحزمة اكسسوارات للجنسين,,,https://encrypted-tbn0.gstatic.com/images?q=tbn:ANd9GcRlZABKYTZFxMzBbQEzCKe4KB3SJsigvR1afpk2KbpCMdJcllRZI7PvLq3YnjM&s,https://encrypted-tbn0.gstatic.com/images?q=tbn:ANd9GcRlZABKYTZFxMzBbQEzCKe4KB3SJsigvR1afpk2KbpCMdJcllRZI7PvLq3YnjM&s,,,,,,,,
62,9.0,0.0,كاتم صوت اكسسوارات للجنسين,,,https://encrypted-tbn0.gstatic.com/images?q=tbn:ANd9GcT5m9ymwCZf5xI9wkol3kCXzHeubkmEOzKaNclpmJSVOGOowlyF0g86ZJL_Fdg&s,https://encrypted-tbn0.gstatic.com/images?q=tbn:ANd9GcT5m9ymwCZf5xI9wkol3kCXzHeubkmEOzKaNclpmJSVOGOowlyF0g86ZJL_Fdg&s,,,,,,,,
63,9.0,0.0,اوشحة اكسسوارات للجنسين,,,https://encrypted-tbn0.gstatic.com/images?q=tbn:ANd9GcTuKLrLa55U4UdigJcKSik7zbKVqzq0jPVMfia2bLdLwoyASrejQsXeljP0I5o&s,https://encrypted-tbn0.gstatic.com/images?q=tbn:ANd9GcTuKLrLa55U4UdigJcKSik7zbKVqzq0jPVMfia2bLdLwoyASrejQsXeljP0I5o&s,,,,,,,,
64,9.0,0.0,محافظ اكسسوارات للجنسين,,,https://encrypted-tbn0.gstatic.com/images?q=tbn:ANd9GcRV9zfPig8YgWDJIQ3QAitFymyhGu5UEfacsxq9IhvWNMbX-8DqBZRpEilHAQ&s,https://encrypted-tbn0.gstatic.com/images?q=tbn:ANd9GcRV9zfPig8YgWDJIQ3QAitFymyhGu5UEfacsxq9IhvWNMbX-8DqBZRpEilHAQ&s,,,,,,,,
65,9.0,0.0,قفازات اكسسوارات للجنسين,,,https://encrypted-tbn0.gstatic.com/images?q=tbn:ANd9GcRwOlIiLZF5yPf1h4zaCKV483dFw21vBHwFZ6ElLLP7J1AMSA6mMfB5xBaR9ZM&s,https://encrypted-tbn0.gstatic.com/images?q=tbn:ANd9GcRwOlIiLZF5yPf1h4zaCKV483dFw21vBHwFZ6ElLLP7J1AMSA6mMfB5xBaR9ZM&s,,,,,,,,
66,10.0,0.0,معدات رياضية للجنسين ، معدات رياضية,,,https://encrypted-tbn0.gstatic.com/images?q=tbn:ANd9GcR30CrlMAg6coLMaB6hYiHM6LOlzxaMhXlid19W8d_NP7RqGl4Ca_-afTCvjaw&s,https://encrypted-tbn0.gstatic.com/images?q=tbn:ANd9GcR30CrlMAg6coLMaB6hYiHM6LOlzxaMhXlid19W8d_NP7RqGl4Ca_-afTCvjaw&s,,,,,,,,
67,10.0,0.0,للجنسين السلع الرياضية الأساور,,,https://encrypted-tbn0.gstatic.com/images?q=tbn:ANd9GcSNRK45JME7xk_H34C3mkwVEAhoIj4j5gXwc8a1gGPDgUlh6NTYWUlSFAHhQw&s,https://encrypted-tbn0.gstatic.com/images?q=tbn:ANd9GcSNRK45JME7xk_H34C3mkwVEAhoIj4j5gXwc8a1gGPDgUlh6NTYWUlSFAHhQw&s,,,,,,,,
68,11.0,0.0,ملابس سفلية للجنسين,,,https://encrypted-tbn0.gstatic.com/images?q=tbn:ANd9GcSj5PxBYJvlipwjiH3cB2y98HDMbyq-j2v4Mcr-_-1OzvfDiG_I0rkZSKiLANE&s,https://encrypted-tbn0.gstatic.com/images?q=tbn:ANd9GcSj5PxBYJvlipwjiH3cB2y98HDMbyq-j2v4Mcr-_-1OzvfDiG_I0rkZSKiLANE&s,,,,,,,,
69,11.0,0.0,ملابس للجنسين Topwear,,,https://encrypted-tbn0.gstatic.com/images?q=tbn:ANd9GcR_yiJUTfCr8IetsHpC20CIlRKSbJOMl0Rek-xmg2aTPXYMP1_m0iTBvdojGg&s,https://encrypted-tbn0.gstatic.com/images?q=tbn:ANd9GcR_yiJUTfCr8IetsHpC20CIlRKSbJOMl0Rek-xmg2aTPXYMP1_m0iTBvdojGg&s,,,,,,,,
70,11.0,0.0,مجموعة ملابس للجنسين,,,https://encrypted-tbn0.gstatic.com/images?q=tbn:ANd9GcTAnp1DeNOXt4Rh4927UJ4o3DG690_Ss257TmCMxzZua8wPFY1tk7Sc1H3leQ&s,https://encrypted-tbn0.gstatic.com/images?q=tbn:ANd9GcTAnp1DeNOXt4Rh4927UJ4o3DG690_Ss257TmCMxzZua8wPFY1tk7Sc1H3leQ&s,,,,,,,,
71,12.0,0.0,أحذية للجنسين,,,https://encrypted-tbn0.gstatic.com/images?q=tbn:ANd9GcSj6DDX8LOAEjifnzFqsMILmPW8wvVLXIf8xrlQ7TAjFNs1w83mYYJeNDzIZA&s,https://encrypted-tbn0.gstatic.com/images?q=tbn:ANd9GcSj6DDX8LOAEjifnzFqsMILmPW8wvVLXIf8xrlQ7TAjFNs1w83mYYJeNDzIZA&s,,,,,,,,
72,12.0,0.0,شبشب أحذية للجنسين,,,https://encrypted-tbn0.gstatic.com/images?q=tbn:ANd9GcQ2f3gSWksCDnAtXeBtmlCleUlC__rYE43AwpY2rPmkx1ekE5z3sW_oCvp8YGs&s,https://encrypted-tbn0.gstatic.com/images?q=tbn:ANd9GcQ2f3gSWksCDnAtXeBtmlCleUlC__rYE43AwpY2rPmkx1ekE5z3sW_oCvp8YGs&s,,,,,,,,
73,12.0,0.0,صندل احذية للجنسين,,,https://encrypted-tbn0.gstatic.com/images?q=tbn:ANd9GcTXbrwSJfSbAwLCnxnU7KZExaXwuaupGc5XJiuOe6DvGf8UVCCX0aOZ5w0r_No&s,https://encrypted-tbn0.gstatic.com/images?q=tbn:ANd9GcTXbrwSJfSbAwLCnxnU7KZExaXwuaupGc5XJiuOe6DvGf8UVCCX0aOZ5w0r_No&s,,,,,,,,
74,13.0,0.0,عطر العناية الشخصية للجنسين,,,https://encrypted-tbn0.gstatic.com/images?q=tbn:ANd9GcQCm5ubzbM3AJLKResrfM9N-Y8SM6-UAw80fE8evKE3S363sXsEzpILFYtgtg&s,https://encrypted-tbn0.gstatic.com/images?q=tbn:ANd9GcQCm5ubzbM3AJLKResrfM9N-Y8SM6-UAw80fE8evKE3S363sXsEzpILFYtgtg&s,,,,,,,,
75,13.0,0.0,العناية الشخصية بالشعر للجنسين,,,https://encrypted-tbn0.gstatic.com/images?q=tbn:ANd9GcRYXp-X2fh_59GGjxKx_UaKTKm2qw859qwnTti-QfYIcAhJCN_42Elxt0fKoao&s,https://encrypted-tbn0.gstatic.com/images?q=tbn:ANd9GcRYXp-X2fh_59GGjxKx_UaKTKm2qw859qwnTti-QfYIcAhJCN_42Elxt0fKoao&s,,,,,,,,
76,13.0,0.0,العناية الشخصية للعناية بالبشرة للجنسين,,,https://encrypted-tbn0.gstatic.com/images?q=tbn:ANd9GcQCm5ubzbM3AJLKResrfM9N-Y8SM6-UAw80fE8evKE3S363sXsEzpILFYtgtg&s,https://encrypted-tbn0.gstatic.com/images?q=tbn:ANd9GcQCm5ubzbM3AJLKResrfM9N-Y8SM6-UAw80fE8evKE3S363sXsEzpILFYtgtg&s,,,,,,,,
77,14.0,0.0,ملابس نسائية ملابس,,,https://encrypted-tbn0.gstatic.com/images?q=tbn:ANd9GcRKIcmXAxoZoCGe3pMatakufseXpKxylEK4IW71Sc2-2xGmEWViUwEyLriiEQ&s,https://encrypted-tbn0.gstatic.com/images?q=tbn:ANd9GcRKIcmXAxoZoCGe3pMatakufseXpKxylEK4IW71Sc2-2xGmEWViUwEyLriiEQ&s,,,,,,,,
78,14.0,0.0,ملابس نسائية ملابس سفلية,,,https://encrypted-tbn0.gstatic.com/images?q=tbn:ANd9GcTD6lSLDX8wG48yhb16GvbtEntodkOrfZx0APPe8U9QQMg7Uv9pJawnrMedkEA&s,https://encrypted-tbn0.gstatic.com/images?q=tbn:ANd9GcTD6lSLDX8wG48yhb16GvbtEntodkOrfZx0APPe8U9QQMg7Uv9pJawnrMedkEA&s,,,,,,,,
79,14.0,0.0,مجموعة ملابس نسائية,,,https://encrypted-tbn0.gstatic.com/images?q=tbn:ANd9GcSwYo6Ww7F1OpQRlYnjAX7zKxx10m_uxhY25QS6OR6lRMd-VmpUQcsYbEZiAA&s,https://encrypted-tbn0.gstatic.com/images?q=tbn:ANd9GcSwYo6Ww7F1OpQRlYnjAX7zKxx10m_uxhY25QS6OR6lRMd-VmpUQcsYbEZiAA&s,,,,,,,,
80,14.0,0.0,فستان ملابس نسائي,,,https://encrypted-tbn0.gstatic.com/images?q=tbn:ANd9GcRkK6PnmOy0K_v9JI87Ef2oLy5v-J_0vzYGocWAaVyY69ie2DuTxafs8Dmf610&s,https://encrypted-tbn0.gstatic.com/images?q=tbn:ANd9GcRkK6PnmOy0K_v9JI87Ef2oLy5v-J_0vzYGocWAaVyY69ie2DuTxafs8Dmf610&s,,,,,,,,
81,14.0,0.0,ملابس نسائية ملابس داخلية,,,https://encrypted-tbn0.gstatic.com/images?q=tbn:ANd9GcR3JKjYn3swr9wXzN0W_OFrw1gpYiSUNimz_s562wV0swXo5SLxe21kFqJ_BpM&s,https://encrypted-tbn0.gstatic.com/images?q=tbn:ANd9GcR3JKjYn3swr9wXzN0W_OFrw1gpYiSUNimz_s562wV0swXo5SLxe21kFqJ_BpM&s,,,,,,,,
82,14.0,0.0,ملابس نسائية ملابس نوم وملابس نوم,,,https://encrypted-tbn0.gstatic.com/images?q=tbn:ANd9GcQPtJyiyPNnGyFmQUt_JxfX4bMUqfjYZ9Jlh2Vp8qUSg8_hRbWmR1818UAatA&s,https://encrypted-tbn0.gstatic.com/images?q=tbn:ANd9GcQPtJyiyPNnGyFmQUt_JxfX4bMUqfjYZ9Jlh2Vp8qUSg8_hRbWmR1818UAatA&s,,,,,,,,
83,14.0,0.0,ملابس نسائية ساري,,,https://encrypted-tbn0.gstatic.com/images?q=tbn:ANd9GcS6zhvKmpBahUXDXe8bvb-Z6l8EI7w3zTUANFzmkRUM0uskK_ytp-doSfFPyg&s,https://encrypted-tbn0.gstatic.com/images?q=tbn:ANd9GcS6zhvKmpBahUXDXe8bvb-Z6l8EI7w3zTUANFzmkRUM0uskK_ytp-doSfFPyg&s,,,,,,,,
84,15.0,0.0,حقائب اكسسوارات نسائية,,,https://encrypted-tbn0.gstatic.com/images?q=tbn:ANd9GcQNQUtUfBvURHwcIx97-T2-4a7Su8htjLwlHR41zT-I1_8msC6VPZRKldqZ8g&s,https://encrypted-tbn0.gstatic.com/images?q=tbn:ANd9GcQNQUtUfBvURHwcIx97-T2-4a7Su8htjLwlHR41zT-I1_8msC6VPZRKldqZ8g&s,,,,,,,,
85,15.0,0.0,جوارب اكسسوارات نسائية,,,https://encrypted-tbn0.gstatic.com/images?q=tbn:ANd9GcRYjsT_2kdWDuE-2EHZ50sP0IDeQsL806saEjUOVehEUNo-zlI4l84rmCsEIg&s,https://encrypted-tbn0.gstatic.com/images?q=tbn:ANd9GcRYjsT_2kdWDuE-2EHZ50sP0IDeQsL806saEjUOVehEUNo-zlI4l84rmCsEIg&s,,,,,,,,
86,15.0,0.0,اكسسوارات نسائية أغطية الرأس,,,https://encrypted-tbn0.gstatic.com/images?q=tbn:ANd9GcS136I4NRh1Od7BftLZlzXIAIwmEIrwJF7PfDARXUyrknXYg4jWoAv0uis7HA&s,https://encrypted-tbn0.gstatic.com/images?q=tbn:ANd9GcS136I4NRh1Od7BftLZlzXIAIwmEIrwJF7PfDARXUyrknXYg4jWoAv0uis7HA&s,,,,,,,,
87,15.0,0.0,ساعات اكسسوارات نسائية,,,https://encrypted-tbn0.gstatic.com/images?q=tbn:ANd9GcQ1PDzVPlouuZq9XMF11sIb9SqYQaRktArF6k9bJgOxVDklKxN3eOJbBqN9Njs&s,https://encrypted-tbn0.gstatic.com/images?q=tbn:ANd9GcQ1PDzVPlouuZq9XMF11sIb9SqYQaRktArF6k9bJgOxVDklKxN3eOJbBqN9Njs&s,,,,,,,,
88,15.0,0.0,اكسسوارات النظارات,,,https://encrypted-tbn0.gstatic.com/images?q=tbn:ANd9GcQFhLxSPVg_j6p8jj6oiLXqNHzsTmSZinIEB8oMNgd56rbPY0GImoweGtzzqw&s,https://encrypted-tbn0.gstatic.com/images?q=tbn:ANd9GcQFhLxSPVg_j6p8jj6oiLXqNHzsTmSZinIEB8oMNgd56rbPY0GImoweGtzzqw&s,,,,,,,,
89,15.0,0.0,طرحة إكسسوارات نسائية,,,https://encrypted-tbn0.gstatic.com/images?q=tbn:ANd9GcS0JxD4GGHZh-oLHUwGLdnEXYB8X-M5JkLuyONwt9uQCkZw1QJ-HXGt0ZdL9co&s,https://encrypted-tbn0.gstatic.com/images?q=tbn:ANd9GcS0JxD4GGHZh-oLHUwGLdnEXYB8X-M5JkLuyONwt9uQCkZw1QJ-HXGt0ZdL9co&s,,,,,,,,
90,15.0,0.0,أحزمة اكسسوارات نسائية,,,https://encrypted-tbn0.gstatic.com/images?q=tbn:ANd9GcRBK0ka3gTvVU4uY3sxuzAZSVSaMbAL3tD2XA2b0Nefgah__bPkzOX9zujbKwc&s,https://encrypted-tbn0.gstatic.com/images?q=tbn:ANd9GcRBK0ka3gTvVU4uY3sxuzAZSVSaMbAL3tD2XA2b0Nefgah__bPkzOX9zujbKwc&s,,,,,,,,
91,15.0,0.0,محافظ اكسسوارات نسائية,,,https://encrypted-tbn0.gstatic.com/images?q=tbn:ANd9GcS0kOOR8JPXBEdCQRfS6uikWjCuUkiEgzvCu8QRttV4dUYihLtXgKjAQyk98Q&s,https://encrypted-tbn0.gstatic.com/images?q=tbn:ANd9GcS0kOOR8JPXBEdCQRfS6uikWjCuUkiEgzvCu8QRttV4dUYihLtXgKjAQyk98Q&s,,,,,,,,
92,15.0,0.0,مجوهرات اكسسوارات نسائية,,,https://encrypted-tbn0.gstatic.com/images?q=tbn:ANd9GcQEglWjPKVoWpImEiOiqluVATjN7hdTk3aegMw9GxAfYjxiPOumIhOVTg8C6-4&s,https://encrypted-tbn0.gstatic.com/images?q=tbn:ANd9GcQEglWjPKVoWpImEiOiqluVATjN7hdTk3aegMw9GxAfYjxiPOumIhOVTg8C6-4&s,,,,,,,,
93,15.0,0.0,مظلات اكسسوارات نسائية,,,https://encrypted-tbn0.gstatic.com/images?q=tbn:ANd9GcQN0s5t74uz7npjCUE-NCjCq96_Ice_akuZTf5GJTRePJ5W_wggU5x5OW29cg&s,https://encrypted-tbn0.gstatic.com/images?q=tbn:ANd9GcQN0s5t74uz7npjCUE-NCjCq96_Ice_akuZTf5GJTRePJ5W_wggU5x5OW29cg&s,,,,,,,,
94,15.0,0.0,اكسسوارات نسائية,,,https://encrypted-tbn0.gstatic.com/images?q=tbn:ANd9GcTzr_UjuIcTbhYNGAugbXiegdk2qiaqaGBdTJcRIlEarGz-HUHQwvy8bKypn8k&s,https://encrypted-tbn0.gstatic.com/images?q=tbn:ANd9GcTzr_UjuIcTbhYNGAugbXiegdk2qiaqaGBdTJcRIlEarGz-HUHQwvy8bKypn8k&s,,,,,,,,
95,15.0,0.0,كاتم صوت اكسسوارات نسائية,,,https://encrypted-tbn0.gstatic.com/images?q=tbn:ANd9GcSpI3DTXJee_hTonE54XjbspV4txQQmbtIkI7bRowywwyWlVmObFV2-hR_pdg&s,https://encrypted-tbn0.gstatic.com/images?q=tbn:ANd9GcSpI3DTXJee_hTonE54XjbspV4txQQmbtIkI7bRowywwyWlVmObFV2-hR_pdg&s,,,,,,,,
96,15.0,0.0,اكسسوارات نسائية الشالات,,,https://encrypted-tbn0.gstatic.com/images?q=tbn:ANd9GcQ31EISbGq3D6pFxkfXurV8Wf3DJeXxLHBaRzFpe2ISXgnTZ8odxfsswx2ydQ&s,https://encrypted-tbn0.gstatic.com/images?q=tbn:ANd9GcQ31EISbGq3D6pFxkfXurV8Wf3DJeXxLHBaRzFpe2ISXgnTZ8odxfsswx2ydQ&s,,,,,,,,
97,15.0,0.0,ازرار اكمام اكسسوارات نسائية,,,https://encrypted-tbn0.gstatic.com/images?q=tbn:ANd9GcRFs9i_32BUOrlUMGMzjUVyQ-veG0qtJIlebY7bUrQzVHsCaFkJJO1BXcKIzgE&s,https://encrypted-tbn0.gstatic.com/images?q=tbn:ANd9GcRFs9i_32BUOrlUMGMzjUVyQ-veG0qtJIlebY7bUrQzVHsCaFkJJO1BXcKIzgE&s,,,,,,,,
98,16.0,0.0,أحذية نسائية,,,https://encrypted-tbn0.gstatic.com/images?q=tbn:ANd9GcToyCRCsorJy1cQS_T8sCVzuzG4nuRDL6Zq66rC3-JOA4UpE8_U7n4fojV5Ju0&s,https://encrypted-tbn0.gstatic.com/images?q=tbn:ANd9GcToyCRCsorJy1cQS_T8sCVzuzG4nuRDL6Zq66rC3-JOA4UpE8_U7n4fojV5Ju0&s,,,,,,,,
99,16.0,0.0,صندل نسائي,,,https://encrypted-tbn0.gstatic.com/images?q=tbn:ANd9GcQBsqI_gfgPNXVGKx_IugfPSkwBKKA0rKSJvBclVFJD1-AV8hziR7fNobc26g&s,https://encrypted-tbn0.gstatic.com/images?q=tbn:ANd9GcQBsqI_gfgPNXVGKx_IugfPSkwBKKA0rKSJvBclVFJD1-AV8hziR7fNobc26g&s,,,,,,,,
100,16.0,0.0,شبشب أحذية نسائية,,,https://encrypted-tbn0.gstatic.com/images?q=tbn:ANd9GcSUcRb1YVnURhxCrVKDuHTbLU2Yb--I1Xdr7bCydFb5pYRnRxOs0bM76BZReME&s,https://encrypted-tbn0.gstatic.com/images?q=tbn:ANd9GcSUcRb1YVnURhxCrVKDuHTbLU2Yb--I1Xdr7bCydFb5pYRnRxOs0bM76BZReME&s,,,,,,,,
101,17.0,0.0,عطر العناية الشخصية للمرأة,,,https://encrypted-tbn0.gstatic.com/images?q=tbn:ANd9GcSezTK46JHg7ORMu-tmSKo0BqheyTN9Q_nUlPmYYnZ7Qf9Ipatusnf5SSSypA&s,https://encrypted-tbn0.gstatic.com/images?q=tbn:ANd9GcSezTK46JHg7ORMu-tmSKo0BqheyTN9Q_nUlPmYYnZ7Qf9Ipatusnf5SSSypA&s,,,,,,,,
102,17.0,0.0,عطور للعناية الشخصية للنساء,,,https://encrypted-tbn0.gstatic.com/images?q=tbn:ANd9GcQ3ULxBUQboAyaTnKb0W9VZp6_4B2RuCxRJzut5e92nU0ISvUCHqeCJOkJ4uw&s,https://encrypted-tbn0.gstatic.com/images?q=tbn:ANd9GcQ3ULxBUQboAyaTnKb0W9VZp6_4B2RuCxRJzut5e92nU0ISvUCHqeCJOkJ4uw&s,,,,,,,,
103,17.0,0.0,عيون العناية الشخصية للمرأة,,,https://encrypted-tbn0.gstatic.com/images?q=tbn:ANd9GcS1u8q8B0KpOalf--xPqcJPbXvM6sdYjnZa9n6wg9wKWZm0iR_wboqk_KZjkw&s,https://encrypted-tbn0.gstatic.com/images?q=tbn:ANd9GcS1u8q8B0KpOalf--xPqcJPbXvM6sdYjnZa9n6wg9wKWZm0iR_wboqk_KZjkw&s,,,,,,,,
104,17.0,0.0,أظافر العناية الشخصية للنساء,,,https://encrypted-tbn0.gstatic.com/images?q=tbn:ANd9GcTGRMVpKG15MVfUhndxFWtZUBZ4RGlo4D3MxDA4tNLM_P_GWpdedLYxm_qBGQ&s,https://encrypted-tbn0.gstatic.com/images?q=tbn:ANd9GcTGRMVpKG15MVfUhndxFWtZUBZ4RGlo4D3MxDA4tNLM_P_GWpdedLYxm_qBGQ&s,,,,,,,,
105,17.0,0.0,مكياج العناية الشخصية للنساء,,,https://encrypted-tbn0.gstatic.com/images?q=tbn:ANd9GcSd6sLOHE07tDjL1W4AlzvRSO2Tq3qF2CHRn8tM6b6rn8VOn65FX0G1zsLTPg&s,https://encrypted-tbn0.gstatic.com/images?q=tbn:ANd9GcSd6sLOHE07tDjL1W4AlzvRSO2Tq3qF2CHRn8tM6b6rn8VOn65FX0G1zsLTPg&s,,,,,,,,
106,17.0,0.0,الشفاه العناية الشخصية للمرأة,,,https://encrypted-tbn0.gstatic.com/images?q=tbn:ANd9GcTf-i3Y83a5mzxPiewVC4f6HjNIioC1j9LLYr96PneOc5WJ1lUfb9PavYwKh2A&s,https://encrypted-tbn0.gstatic.com/images?q=tbn:ANd9GcTf-i3Y83a5mzxPiewVC4f6HjNIioC1j9LLYr96PneOc5WJ1lUfb9PavYwKh2A&s,,,,,,,,
107,17.0,0.0,العناية الشخصية للمرأة العناية بالبشرة,,,https://encrypted-tbn0.gstatic.com/images?q=tbn:ANd9GcQOC8hG8hkelZjR0ay49_GVIyeXWjr2e-Zil-P8o16q2Ox6IMWcnTNz1_zcWI8&s,https://encrypted-tbn0.gstatic.com/images?q=tbn:ANd9GcQOC8hG8hkelZjR0ay49_GVIyeXWjr2e-Zil-P8o16q2Ox6IMWcnTNz1_zcWI8&s,,,,,,,,
108,17.0,0.0,العناية الشخصية للبشرة النسائية,,,https://encrypted-tbn0.gstatic.com/images?q=tbn:ANd9GcQOC8hG8hkelZjR0ay49_GVIyeXWjr2e-Zil-P8o16q2Ox6IMWcnTNz1_zcWI8&s,https://encrypted-tbn0.gstatic.com/images?q=tbn:ANd9GcQOC8hG8hkelZjR0ay49_GVIyeXWjr2e-Zil-P8o16q2Ox6IMWcnTNz1_zcWI8&s,,,,,,,,
109,17.0,0.0,اكسسوارات تجميل للعناية الشخصية للنساء,,,https://encrypted-tbn0.gstatic.com/images?q=tbn:ANd9GcSzRdB4-T2chdTaI6-FM1rD2MBy6NsyEiRZJUVMsZjd_Il0YiWp7-G5Cm-OohY&s,https://encrypted-tbn0.gstatic.com/images?q=tbn:ANd9GcSzRdB4-T2chdTaI6-FM1rD2MBy6NsyEiRZJUVMsZjd_Il0YiWp7-G5Cm-OohY&s,,,,,,,,
110,17.0,0.0,العناية بالجسم و الاستحمام للنساء,,,https://encrypted-tbn0.gstatic.com/images?q=tbn:ANd9GcScCTbhJgKtZjIBkEil0a4uG7wsCCCDLih-CmY3RuE7ClO4y6czC0H_1BbvtA&s,https://encrypted-tbn0.gstatic.com/images?q=tbn:ANd9GcScCTbhJgKtZjIBkEil0a4uG7wsCCCDLih-CmY3RuE7ClO4y6czC0H_1BbvtA&s,,,,,,,,
111,17.0,0.0,العناية بالشعر للنساء,,,https://encrypted-tbn0.gstatic.com/images?q=tbn:ANd9GcTs-vj4WP6c06G7S5sYvSBlskr8ztgVAsTlsqG-y3FufG4Dgsa5ScagBOQ4mg&s,https://encrypted-tbn0.gstatic.com/images?q=tbn:ANd9GcTs-vj4WP6c06G7S5sYvSBlskr8ztgVAsTlsqG-y3FufG4Dgsa5ScagBOQ4mg&s,,,,,,,,
112,18.0,0.0,حقائب اكسسوارات البنات,,,https://encrypted-tbn0.gstatic.com/images?q=tbn:ANd9GcSzn6acaiAbpEUX4cgEa8xTqv3e1H79quFeX2RtuiIu2p7Kd-VQmh4tED-M2mw&s,https://encrypted-tbn0.gstatic.com/images?q=tbn:ANd9GcSzn6acaiAbpEUX4cgEa8xTqv3e1H79quFeX2RtuiIu2p7Kd-VQmh4tED-M2mw&s,,,,,,,,
113,18.0,0.0,ساعات اكسسوارات بنات,,,https://encrypted-tbn0.gstatic.com/images?q=tbn:ANd9GcScga4JirdFcyI-UzjNMHJnJ3NAsLDKVJHNShB6W7hYUztmqh-qYoA_lq6wJag&s,https://encrypted-tbn0.gstatic.com/images?q=tbn:ANd9GcScga4JirdFcyI-UzjNMHJnJ3NAsLDKVJHNShB6W7hYUztmqh-qYoA_lq6wJag&s,,,,,,,,
114,18.0,0.0,مجوهرات اكسسوارات بنات,,,https://encrypted-tbn0.gstatic.com/images?q=tbn:ANd9GcRCDV-UIalfrewXN3EuWCJ7Fu78o6_z-3_zXsmEkay2CMhYysu7jExZN7xpP7A&s,https://encrypted-tbn0.gstatic.com/images?q=tbn:ANd9GcRCDV-UIalfrewXN3EuWCJ7Fu78o6_z-3_zXsmEkay2CMhYysu7jExZN7xpP7A&s,,,,,,,,
115,18.0,0.0,قفازات اكسسوارات البنات,,,https://encrypted-tbn0.gstatic.com/images?q=tbn:ANd9GcRj1dRifQJk662j1VoDa62SzbgEBWyLu257gOiWdO9tDYS1RekdPuosIHHOyw&s,https://encrypted-tbn0.gstatic.com/images?q=tbn:ANd9GcRj1dRifQJk662j1VoDa62SzbgEBWyLu257gOiWdO9tDYS1RekdPuosIHHOyw&s,,,,,,,,
116,18.0,0.0,اكسسوارات بنات أغطية الرأس,,,https://encrypted-tbn0.gstatic.com/images?q=tbn:ANd9GcSAUXOFY6zdppOKSQXHDBvl678EmD196IsgXnlcenjO6OLOKYcwFnHbVHpDdw&s,https://encrypted-tbn0.gstatic.com/images?q=tbn:ANd9GcSAUXOFY6zdppOKSQXHDBvl678EmD196IsgXnlcenjO6OLOKYcwFnHbVHpDdw&s,,,,,,,,
117,18.0,0.0,إكسسوارات نظارات للبنات,,,https://encrypted-tbn0.gstatic.com/images?q=tbn:ANd9GcTNGpi16ndT7jv01GwhBlopFh4G6YEHVsmMjwAG6HHSrxvlDx06SfwmPiI4vh0&s,https://encrypted-tbn0.gstatic.com/images?q=tbn:ANd9GcTNGpi16ndT7jv01GwhBlopFh4G6YEHVsmMjwAG6HHSrxvlDx06SfwmPiI4vh0&s,,,,,,,,
118,19.0,0.0,فستان ملابس بنات,,,https://encrypted-tbn0.gstatic.com/images?q=tbn:ANd9GcSUuRUN0wmNDzKXuFlcsTZJ-sA5Lj8RE6KccDpDWNF9qfghga6QfiC07BSo0i0&s,https://encrypted-tbn0.gstatic.com/images?q=tbn:ANd9GcSUuRUN0wmNDzKXuFlcsTZJ-sA5Lj8RE6KccDpDWNF9qfghga6QfiC07BSo0i0&s,,,,,,,,
119,19.0,0.0,ملابس بنات Topwear,,,https://encrypted-tbn0.gstatic.com/images?q=tbn:ANd9GcRKIcmXAxoZoCGe3pMatakufseXpKxylEK4IW71Sc2-2xGmEWViUwEyLriiEQ&s,https://encrypted-tbn0.gstatic.com/images?q=tbn:ANd9GcRKIcmXAxoZoCGe3pMatakufseXpKxylEK4IW71Sc2-2xGmEWViUwEyLriiEQ&s,,,,,,,,
120,19.0,0.0,ملابس الفتيات ملابس القاع,,,https://encrypted-tbn0.gstatic.com/images?q=tbn:ANd9GcRclRZ6WAyPlTEuXLXv_7gwdf9GYHW7SelP_VQxlsXgjfKGG92sW_TF0_wVOw&s,https://encrypted-tbn0.gstatic.com/images?q=tbn:ANd9GcRclRZ6WAyPlTEuXLXv_7gwdf9GYHW7SelP_VQxlsXgjfKGG92sW_TF0_wVOw&s,,,,,,,,
121,19.0,0.0,مجموعة ملابس البنات,,,https://encrypted-tbn0.gstatic.com/images?q=tbn:ANd9GcQlur4ozlCfNaRiyJbHGe5bpT4ACi288MfJvtC_-qhblu76VbS5yAEqKU59FQ&s,https://encrypted-tbn0.gstatic.com/images?q=tbn:ANd9GcQlur4ozlCfNaRiyJbHGe5bpT4ACi288MfJvtC_-qhblu76VbS5yAEqKU59FQ&s,,,,,,,,
122,19.0,0.0,جوارب ملابس البنات,,,https://encrypted-tbn0.gstatic.com/images?q=tbn:ANd9GcRYjsT_2kdWDuE-2EHZ50sP0IDeQsL806saEjUOVehEUNo-zlI4l84rmCsEIg&s,https://encrypted-tbn0.gstatic.com/images?q=tbn:ANd9GcRYjsT_2kdWDuE-2EHZ50sP0IDeQsL806saEjUOVehEUNo-zlI4l84rmCsEIg&s,,,,,,,,
123,19.0,0.0,ملابس داخلية للبنات,,,https://encrypted-tbn0.gstatic.com/images?q=tbn:ANd9GcRxTRY8aE54jprCi96gGC1YhHLdzJyXJDiPt3yujiIFLhxDPdqZ1s0NvwQxHg&s,https://encrypted-tbn0.gstatic.com/images?q=tbn:ANd9GcRxTRY8aE54jprCi96gGC1YhHLdzJyXJDiPt3yujiIFLhxDPdqZ1s0NvwQxHg&s,,,,,,,,
124,20.0,0.0,صندل احذية بناتي,,,https://encrypted-tbn0.gstatic.com/images?q=tbn:ANd9GcQ7KyLkWUPm8yQ82Qjj1acdC7lpD2nhJYFsFeZXZNYMjcSxXR5WTYUBKrDnjw&s,https://encrypted-tbn0.gstatic.com/images?q=tbn:ANd9GcQ7KyLkWUPm8yQ82Qjj1acdC7lpD2nhJYFsFeZXZNYMjcSxXR5WTYUBKrDnjw&s,,,,,,,,
125,20.0,0.0,أحذية للبنات,,,https://encrypted-tbn0.gstatic.com/images?q=tbn:ANd9GcSVmA221wToEjBWR8bzZlS-uIk-5iEWfNrVCaejY0F3VI5sKE0O2fOGpUvj&s,https://encrypted-tbn0.gstatic.com/images?q=tbn:ANd9GcSVmA221wToEjBWR8bzZlS-uIk-5iEWfNrVCaejY0F3VI5sKE0O2fOGpUvj&s,,,,,,,,
126,20.0,0.0,شبشب أحذية بناتي,,,https://encrypted-tbn0.gstatic.com/images?q=tbn:ANd9GcSUe2BS_vILNX4B10VzPmVxsgWwCfJbWIyh6qCoXMrjIZ3MA-o9nn6b4VEDZ18&s,https://encrypted-tbn0.gstatic.com/images?q=tbn:ANd9GcSUe2BS_vILNX4B10VzPmVxsgWwCfJbWIyh6qCoXMrjIZ3MA-o9nn6b4VEDZ18&s,,,,,,,,
127,21.0,0.0,ملابس الأولاد ملابس القاع,,,https://encrypted-tbn0.gstatic.com/images?q=tbn:ANd9GcRclRZ6WAyPlTEuXLXv_7gwdf9GYHW7SelP_VQxlsXgjfKGG92sW_TF0_wVOw&s,https://encrypted-tbn0.gstatic.com/images?q=tbn:ANd9GcRclRZ6WAyPlTEuXLXv_7gwdf9GYHW7SelP_VQxlsXgjfKGG92sW_TF0_wVOw&s,,,,,,,,
128,21.0,0.0,ملابس الأولاد ملابس,,,https://encrypted-tbn0.gstatic.com/images?q=tbn:ANd9GcQWYTYz9EPZfhPWLMA6RQK05-yJDPTVULx2Kp_Ig59iptgbHUJnSVwvu8x4m64&s,https://encrypted-tbn0.gstatic.com/images?q=tbn:ANd9GcQWYTYz9EPZfhPWLMA6RQK05-yJDPTVULx2Kp_Ig59iptgbHUJnSVwvu8x4m64&s,,,,,,,,
129,21.0,0.0,مجموعة ملابس الأولاد,,,https://encrypted-tbn0.gstatic.com/images?q=tbn:ANd9GcRmKy55z2XUsUMdM3qOzrw8pBJED2aQz3n3DnpNaEdZOZBjG13e__K8mrP6FA&s,https://encrypted-tbn0.gstatic.com/images?q=tbn:ANd9GcRmKy55z2XUsUMdM3qOzrw8pBJED2aQz3n3DnpNaEdZOZBjG13e__K8mrP6FA&s,,,,,,,,
130,21.0,0.0,جوارب ملابس الأولاد,,,https://encrypted-tbn0.gstatic.com/images?q=tbn:ANd9GcR_eDI-a2HNfsUblstzlGC1SX8BMZIy-bfCHPGJwoaNZeWvHq223EnpoSv6oA&s,https://encrypted-tbn0.gstatic.com/images?q=tbn:ANd9GcR_eDI-a2HNfsUblstzlGC1SX8BMZIy-bfCHPGJwoaNZeWvHq223EnpoSv6oA&s,,,,,,,,
131,21.0,0.0,ملابس الأولاد الملابس الداخلية,,,https://encrypted-tbn0.gstatic.com/images?q=tbn:ANd9GcRZt2syoob6UjfwfyBy-7LjePqDY9ktJEFDvdOos-PErRpEx3EBAiF5b0hcrIs&s,https://encrypted-tbn0.gstatic.com/images?q=tbn:ANd9GcRZt2syoob6UjfwfyBy-7LjePqDY9ktJEFDvdOos-PErRpEx3EBAiF5b0hcrIs&s,,,,,,,,
132,22.0,0.0,أحذية للأولاد,,,https://encrypted-tbn0.gstatic.com/images?q=tbn:ANd9GcRUziVKlfxbXNCcu6i9tLaKym18_vtjj2HVNuwSgmF0O5jH6XnrCMj9hbOXrAQ&s,https://encrypted-tbn0.gstatic.com/images?q=tbn:ANd9GcRUziVKlfxbXNCcu6i9tLaKym18_vtjj2HVNuwSgmF0O5jH6XnrCMj9hbOXrAQ&s,,,,,,,,
133,22.0,0.0,شبشب للأولاد,,,https://encrypted-tbn0.gstatic.com/images?q=tbn:ANd9GcTJ2ysiRuqtPQwuutDd3jS3C4N_bAlGXBuYG7Tn3ZQQuVrdJV4Ug9jaJozOvg&s,https://encrypted-tbn0.gstatic.com/images?q=tbn:ANd9GcTJ2ysiRuqtPQwuutDd3jS3C4N_bAlGXBuYG7Tn3ZQQuVrdJV4Ug9jaJozOvg&s,,,,,,,,
134,22.0,0.0,صندل احذية ولادي,,,https://encrypted-tbn0.gstatic.com/images?q=tbn:ANd9GcTy4QtcWI7y-qxUZbk6Uk7iX2WfPh9R-fT6UeNnvSLwAVmAUhYo8d-wQEP1BW0&s,https://encrypted-tbn0.gstatic.com/images?q=tbn:ANd9GcTy4QtcWI7y-qxUZbk6Uk7iX2WfPh9R-fT6UeNnvSLwAVmAUhYo8d-wQEP1BW0&s,,,,,,,,
135,23.0,0.0,ساعات اكسسوارات الأولاد,,,https://encrypted-tbn0.gstatic.com/images?q=tbn:ANd9GcTo5QJl5hBaqRE7IwkNXWoGdymsXARCMT4z6iVuwAMmA2DMPKhp2BVnaOvaMjU&s,https://encrypted-tbn0.gstatic.com/images?q=tbn:ANd9GcTo5QJl5hBaqRE7IwkNXWoGdymsXARCMT4z6iVuwAMmA2DMPKhp2BVnaOvaMjU&s,,,,,,,,
136,23.0,0.0,جوارب اكسسوارات ولادي,,,https://encrypted-tbn0.gstatic.com/images?q=tbn:ANd9GcQNO-Fl65qX4V7hX0KEUicUnxX6s6zs-_naEDUd9dR1nysHIDXW6kUZVqSqJsg&s,https://encrypted-tbn0.gstatic.com/images?q=tbn:ANd9GcQNO-Fl65qX4V7hX0KEUicUnxX6s6zs-_naEDUd9dR1nysHIDXW6kUZVqSqJsg&s,,,,,,,,
137,23.0,0.0,قفازات اكسسوارات ولادي,,,https://encrypted-tbn0.gstatic.com/images?q=tbn:ANd9GcT1p0bk37KOCkUd1ClumzqdwfpfPnsTBX2ckId6O11xGhqPq7ljbA7lSbP34Q&s,https://encrypted-tbn0.gstatic.com/images?q=tbn:ANd9GcT1p0bk37KOCkUd1ClumzqdwfpfPnsTBX2ckId6O11xGhqPq7ljbA7lSbP34Q&s,,,,,,,,
138,23.0,0.0,اكسسوارات الأولاد أغطية الرأس,,,https://encrypted-tbn0.gstatic.com/images?q=tbn:ANd9GcST_H5sFXo0e7rjMEHlF2SaJuZI-LbzfxoHgm-Py8rZWLYH5I3_2g3QkLd12g&s,https://encrypted-tbn0.gstatic.com/images?q=tbn:ANd9GcST_H5sFXo0e7rjMEHlF2SaJuZI-LbzfxoHgm-Py8rZWLYH5I3_2g3QkLd12g&s,,,,,,,,
139,23.0,0.0,إكسسوارات النظارات للأولاد,,,https://encrypted-tbn0.gstatic.com/images?q=tbn:ANd9GcQnZQ-n1MHjfokexdCHmExsfgcwxEzOdqDEgFl9E8J_LY412wizDGdFh-8G4w&s,https://encrypted-tbn0.gstatic.com/images?q=tbn:ANd9GcQnZQ-n1MHjfokexdCHmExsfgcwxEzOdqDEgFl9E8J_LY412wizDGdFh-8G4w&s,,,,,,,,
